English,Remedy_1,Remedy_2,Remedy_3
ABORTION,MAGNESIA PHOSPHORICA 3X KALI PHOSPHORICUM 3X MIX IN WARM WATER IF REMEDY FAILS TRY REMEDY 2,SABINA6,
ABSCESSES AND BOILS,HYPERICUM 6 ONE ONE TABLET 3-4 TIMES A DAYIF REMEDY FAILS TRY REMEDY 2 ,CALCAREA FLOURIDE3X FERRUM PHOSPHORICUM 12X KALI MURIATICUM 3X KALI PHOSPHORICUM 3X KALI SULPHURICUM3X MIX AND TAKE MANY TIMES A DAY IF REMEDY FAILS TRY REMEDY 3 ,SILICEA 200X 
ABSENCE,TAKE CALCARIA FLOURIDE 3X.,,
ABSENCE OF THIRST,"KALI PHOSPHORICUM 3X,KALI SULPHURICUM 3X  MIX AND TAKE",,
ACIDITY,"CALCAREA PHOSPHORICA 3X ,12X FERRUM PHOSPHORICUM 12X ,KALI MURIATICUM 3X KALI PHOSPHORICUM 3X NATRUM PHOSPHORICUM 3X NATRUM SULPHURICUM 3X SILICEA 12XNATRUM MURIATICUM 3X NATRUM MURIATICUM3XMIX AND GIVE",,
ACNE PIMPLES,CALCAREA PHOSPHORICA 3X MANY TIMES A DAY IF REMEDY FAILS TRY REMEDY 2,CALCAREA PHOSPHORICA 3X FERRUM PHOSPHORICUM 12X KALI MURIATICUM 3X KALI PHOSPHORICUM 3X NATRUM MURIATICUM 3X NATRUM PHOSPHORICUM 3X SILICEA 12X MIX AND GIVE,
ADDISION,KALI PHOSPHORICUM 3X KALI SULPHURICUM3X NATRUM MURIATICUM 3X NATRUM SULPHURICUM 3X SILICEA 12X MIX AND TAKE ,,
ADENOIDS,CALCAREA FLOURIDE 3X CALCAREA PHOSPHORICA 3X OR 12X KALI MURIATICUM KALI SULPHURICUM3X MIX AND TAKE ,,
AFTER CHILD BIRTH,KALI MURIATICUM 3X KALI PHOSPHORICUM 3X NATRUM SULPHURICUM 3X FERRUM PHOSPHORICUM 12X MIX AND TAKE,,
AFTER PAINS,CALCAREA FLOURIDE 3X FERRUM PHOSPHORICUM 12X KALI PHOSPHORICUM 3X MAGNESIA PHOSPHORICA 3X NATRUM MURIATICUM 3X SILICEA 12X MIX AND TAKE IF REMEDY FAILS TRY REMEDY 2 ,FERRUM PHOSPHORICUM 12X CALCAREA FLOURIDE3X MIX AND TAKE ,
ALBUMENARIA,CALCAREA PHOSPHORICA 3X OR 12X KALI MURIATICUM 3X KALI PHOSPHORICUM 3X KALI   SULPHURICUM 3X NATRUM MURIATICUM 3X NATRUM PHOSPHORICUM 3X NATRUM SULPHURICUM 3X SILICEA 12X MIX AND TAKE IF REMEDY FAILS TRY REMEDY 2 ,CALCAREA SULPHURICUM 3X ,
ANAEMIA,CALCAREA FLOURIDE3X CALCAREA PHOSPHORICA 3X OR 12X KALI MURIATICUM 3X KALI PHOSPHORICUM 3X KALI  SULPHURICUM 3X NATRUM MURIATICUM 3X NATRUM PHOSPHORICUM 3X NATRUM SULPHURICUM 3X SILICEA 12X ,,
ANGINA PECTORIS,CALCAREA FLOURIDE 3X FERRUM PHOSPHORICUM 12X KALI MURIATICUM 3X KALI PHOSPHORICUM 3X MAGNESIA PHOSPHORICA 3X CALCAREA PHOSPHORICA 3X NATRUM MURIATICUM 3X SILICEA 12X MIX IN WATER ,,
APOPLEXY,CALCAREA FLOURIDE 3X CALCAREA PHOSPHORICA 3X OR 12X FERRUM PHOSPHORICUM 12X KALI MURIATICUM 3X KALI PHOSPHORICUM 3X NATRUM MURIATICUM 3X NATRUM PHOSPHORICUM 3X NATRUM SULPHURICUM 3X SILICEA 12X MAGNESIA PHOSPHORICA 3X MIX AND TAKE IMMEDIATELY TO STOP TRY REMEDY 2 ,CALCAREA PHOSPHORICA 3X OR 12X ONE DOSE DIALY,
APPENDICITIS,CALCAREA FLOURIDE 3X FERRUM PHOSPHORICUM 12X  KALI PHOSPHORICA 3X  KALI MURIATICUM 3X KALI  SULPHURICUM 3X NATRUM MURIATICUM 3X  NATRUM SULPHURICUM 3X SILICEA 12X  MAGNESIA PHOSPHORICA 3X  MIX IN VERY HOTWATER MANY TIMES A DAY IF REMEDY FAILS TRY REMEDY 2," CALCARIA SULPHURICUM          3X ,CALCAREA PHOSPHORICA 3X OR 12X, KALI PHOSPHORICA 3X     ,    KALI  SULPHURICUM, 6X NATRUM MURIATICUM 3X  MIX IN VERY HOTWATER MANY TIMES A DAY .",
APPETITE TO DECREASE,CALCAREA PHOSPHORICA 3X OR 12X CALCAREA SULPHURICUM 3X KALI PHOSPHORICUM 3X NATRUM MURIATICUM 3X SILICEA 12X MIX AND TAKE .,,
APPETITE TO INCREASE,BRYONIA 6 ONE TABLET AT A GAP OF HOURS FOR ONE OR TWO DAYS IF REMEDY FAILS TRY REMEDY 2,NUX VOMICA 3 ONE TABLET FOR TWO DAYS AT A GAP OF 6 HOURS IF REMEDY FAILS TRY REMEDY 3,CALCAREA PHOSPHORICA 3X OR 12X FERRUM PHOSPHORICUM 12X KALI MURIATICUM 3X KALI SULPHURICUM 3X NATRUM MURIATICUM 3X NATRUM PHOSPHORICUM 3X NATRUM SULPHURICUM 3X SILICEA 12X MIX AND TAKE 3-4TIMES A DAY 
APTHOUS-APTHAE  MOUTH,CALCAREA FLOURIDE 3X CALCAREA PHOSPHORICA 3X OR 12X FERRUM PHOSPHORICUM 12X KALI MURIATICUM 3X KALI PHOSPHORICUM 3X MAGNESIA PHOSPHORICA 3X NATRUM MURIATICUM 3X NATRUM SULPHURICUM 3X SILICEA 12X MIX AND TAKE IF REMEDY FAILS TRY REMEDY 2 ,NATRUM PHOSPHORICUM 3X KALI SULPHURICUM 3X CALCAREA SULPHURICUM 3X MIX AND TAKE ,
ARTHRITIS,FERRUM PHOSPHORICUM 12X KALI MURIATICUM 3X CALCAREA SULPHURICUM 3X MAGNESIA PHOSPHORICA 3X NATRUM MURIATICUM 3X NATRUM PHOSPHORICUM 3X SILICEA 12X MIX AND TAKE AT THE GAP OF 4 HOURS 3 TIMES A DAY IF REMEDY FAILS TRY REMEDY 2,CALCAREA FLOURIDE 3X CALCAREA PHOSPHORICA 3X OR 12X KALI PHOSPHORICUM 3X KALI SULPHURICUM 3X NATRUM SULPHURICUM 3X MIX AND TAKE AT THE GAP OF 4 HOURS 3 TIMES A DAY .,
ASCITIES DROPSY,CALCAREA FLOURIDE3X CALCAREA PHOSPHORICA 3X OR 12X FERRUM PHOSPHORICUM 12X KALI MURIATICUM 3X KALI PHOSPHORICUM 3X KALI SULPHURICUM 3X NATRUM MURIATICUM 3X  NATRUM SULPHURICUM 3X SILICEA 12X MIX AND TAKE DAILY AT THE GAP OF 4 HOURSIF REMEDY FAILS TRY REMEDY 2,MAGNESIA PHOSPHORICA 3X CALCAREA SULPHURICUM 3X NATRUM PHOSPHORICUM 3X MIX AND TAKE ,
ASTHAMA,CALCAREA FLOURIDE3XOR 12X KALI MURIATICUM 3X KALI PHOSPHORICUM 3X KALI SULPHURICUM 3X MAGNESIA PHOSPHORICA 3X NATRUM MURIATICUM 3X NATRUM PHOSPHORICUM 3X NATRUM SULPHURICUM  3X SILICEA 12X MIX AND TAKE 3-4 TIMES A DAYIF REMEDY FAILS TRY REMEDY 2,CALCAREA SULPHURICUM 3X FERRUM PHOSPHORICUM 12X MIX AND TAKE ,
BACKACHE-LUMBAGO,"CALCAREAFLOURIDE3X,CALCAREAPHOSPHORICA 3X ,12X ,CALCAREA  SULPHURICUM 3X, KALI SULPHURICUM3X, NATRUM MURIATICUM3X  ,SILICEA12X, FERRUM PHOSPHORICUM12X KALI PHOSPHORICUM3X ,MAGNESIA PHOSPHORICA3X, NATRUM PHOSPHORICUM 3X NATRUM SULPHURICUM3X MIX , TAKE IF REMEDY FAILS TRY REMEDY 2",ONLYKALI MURIATICUM 3X ,
BARBER'S ITCH,MAGNESIA PHOSPHORICA 3X IF REMEDY FAILS TRY REMEDY 2," KALI MURIATICUM 3X,KALI  PHOSPHORICA 3X,NATRUM PHOSPHORICUM 3X MIX AND TAKE, IF REMEDY FAILS TRY REMEDY 3", CALCAREA SULPHURICUM 3X
BELCHING\/ERUCTIOEXCESSIVE,NATRUM MURIATICUM 3X MAGNESIA PHOSPHORICA 3X KALI PHOSPHORICUM 3X CALCAREA PHOSPHORICA 3X OR 12X MIX AND TAKE ,,
BERGIERS DISEASE,CALCAREA FLOURIDE 3X CALCAREA PHOSPHORICA 3X OR 12X FERRUM PHOSPHORICUM 12X KALI MURIATICUM 3X KALI PHOSPHORICUM 3X MAGNESIA PHOSPHORICA 3X NATRUM PHOSPHORICUM 3X NATRUM MURIATICUM 3X SILICEA 12X MIX AND TAKE IF REMEDY FAILS TRY REMEDY 2 ,NATRUM SULPHURICUM 3X CALCAREA  SULPHURICUM 3X KALI SULPHURICUM 3X MIX AND TAKE ,
BERI-BERI,"TAKE CALCAREA PHOSPHORICA 3X OR 12X KALI PHOSPHORICUM 3X ,NATRUM MURIATICUM 3X, NATRUM SULPHURICUM 3X",,
BILIOUSNESS,KALI MURIATICUM 3X NATRUM SULPHURICUM 3X MIX AND TAKE ,,
BLINDNESS,CALCAREA PHOSPHORICA 3X OR 12X FERRUM PHOSPHORICUM 12X KALI PHOSPHORICUM 3X KALI MURIATICUM 3X MAGNESIA PHOSPHORICA 3X NATRUM MURIATICUM 3X NATRUM PHOSPHORICUM 3X SILICEA 12X MIX AND TAKE,,
BLISTERS,NATRUM MURIATICUM 3X KALI PHOSPHORICUM 3X MIX AND TAKE ,,
BREATHLESNES,CALCAREA FLOURIDE3X CALCAREA PHOSPHORICA 3X KALI SULPHURICUM 3X NATRUM MURIATICUM 3X MIX AND TAKE ,,
BRONCHITIS,NATRUM SULPHURICUM 3X SILICEA 12X KALI MURIATICUM 3X FERRUM PHOSPHORICUM 12X MIX AND TAKE IF REMEDY FAILS TRY REMEDY 2 ,CALCAREA  SULPHURICUM 3X ,
BURNING SENSATION,SILICEA 12X CALCAREA PHOSPHORICA 3X OR 12X NATRUM MURIATICUM 3X MIX AND TAKE ,,
BURNS,FERRUM PHOSPHORICUM 12X KALI MURIATICUM 3X KALI PHOSPHORICUM 3X NATRUM MURIATICUM 3X NATRUM PHOSPHORICUM 3X KALI SULPHURICUM 3X MIX IN WATER AND TAKE MANY TIMES A DAY,,
CARBUNCLE,CALCAREA FLOURIDE3X FERRUM PHOSPHORICUM 12X KALI MURIATICUM 3X KALI PHOSPHORICUM 6X SILICEA 12X MIX IN WATER AND TAKE,,
CATARACT,MAGNESIA PHOSPHORICA 3X CALCAREA FLOURIDE 12X NATRUM PHOSPHORICUM 3X MIX AND TAKE IF REMEDY FAILS TRY REMEDY 2 ,CALCAREA FLOURIDE 12X SILICEA 12X CALCAREA PHOSPHORICA 3X KALI MURIATICUM 12X KALI  SULPHURICUM 12X NATRUM SULPHURICUM 12X MIX AND TAKE 3OR4 TIMES A DAY,
CATARRH COLD,FERRUM PHOSPHORICUM 12X KALI MURIATICUM 3X NATRUM MURIATICUM 3X NATRUM PHOSPHORICUM 3X NATRUM SULPHURICUM 3X SILICEA 12X MIX AND TAKE IF REMEDY FAILS TRY REMEDY 2 ,CALCAREA FLOURIDE3X CALCAREA PHOSPHORICA 3X CALCAREA SULPHURICUM 3X KALI PHOSPHORICUM 3X KALI  SULPHURICUM 3X MAGNESIA PHOSPHORICA 3X ,
CHIBLAIN,CALCAREA PHOSPHORICA 3X OR 12X FERRUM PHOSPHORICUM 12X KALI MURIATICUM 3X KALI PHOSPHORICUM 3X NATRUM MURIATICUM 3X NATRUM SULPHURICUM 3X SILICEA 12X MIX IN WATER AND TAKEIF REMEDY FAILS TRY REMEDY 2 ,CALCAREA FLOURIDE3X CALCAREA SULPHURICUM 3X KALI SULPHURICUM 3X MAGNESIA PHOSPHORICA 3X NATRUM PHOSPHORICUM 3X MIX AND TAKE ,
CHICKEN POX,FERRUM PHOSPHORICUM 12X KALI MURIATICUM 3X KALI SULPHURICUM 3X KALI PHOSPHORICUM 3X CALCAREA PHOSPHORICA 3X NATRUM MURIATICUM 3X NATRUM SULPHURICUM 3X SILICEA 12X MIX AND TAKE AT A GAP OF 3-3 HOURS,,
CHILDREN TAKE LONG TO SPEAK OR WALK,TAKE ONLY CALCAREA PHOSPHORICA 3X IF REMEDY FAILS TRY REMEDY 2 ,CALCAREA PHOSPHORICA 3X KALI PHOSPHORICUM 3X NATRUMMURIATICUM 3X NATRUM PHOSPHORICUM 3X NATRUM SULPHURICUM 3X SILICEA 3X MIX AND TAKE IF REMEDY FAILS TRY REMEDY 3 ,
CHOLERA,CALCAREA PHOSPHORICA 3X OR 12X FERRUM PHOSPHORICUM 12X KALI MURIATICUM 3X KALI PHOSPHORICUM 3X KALI  SULPHURICUM 3X MAGNESIA PHOSPHORICA 3X NATRUM MURIATICUM 3X NATRUM PHOSPHORICUM 3X NATRUMSULPHURICUM 3X MIX IN WATER AND  GIVE MANY TIMES A DAYIF REMEDY FAILS TRY REMEDY 2 ,CALCARIA FLOURIDE 3X CALCAREA SULPHURICUM 3X SILICEA 12X MIX AND TAKE DRINK WARM WATER DONT TAKE MILK,
COLD TENDENCY TO CATCH,CALCAREA PHOSPHORICA 3X OR 12X CALENDULA\nSULPHURICUM 3X FERRUM PHOSPHORICUM 12X NATRUM MURIATICUM 3X NATRUM PHOSPHORICUM 3X SILICEA 12X MIX IN WATER  AND TAKE  AT 8:00AM 5:00PM 9:00PM ,,
COLIC,CALCAREA PHOSPHORICA 3X OR 12X FERRUM PHOSPHORICUM 3X KALI MURIATICUM 3X KALI PHOSPHORICUM 3X KALI SULPHURICUM 3X MAGNESIA PHOSPHORICA 3X NATRUM MURIATICUM 3X NATRUM PHOSPHORICUM 3X NATRUM SULPHURICUM 3X MIX AND TAKE WITH WATER IF REMEDY FAILS TRY REMEDY 2 ,CALCARIA FLOURIDE 3X CALCAREA SULPHURICUM 3X FERRUM PHOSPHORICUM 12X KALI SULPHURICUM 3X NATRUM MURIATICUM 3X SILICEA 12X MIX IN WATER AND TAKE,
COMA UNCONSCIOUSNESS,CALCAREA PHOSPHORICA 3X OR 12X CALCAREA SULPHURICUM 3X KALI PHOSPHORICUM 3X NATRUM MURIATICUM 3X MIX AND TAKE AT A GAP OF SHORT DURATIONIF REMEDY FAILS TRY REMEDY 2 ,CALCAREA PHOSPHORICA 3X OR 12X CALCAREA SULPHURICUM 3X KALI PHOSPHORICUM 3X NATRUM MURIATICUM 3X SILICEA 12X MIX AND TAKE ,
CONJUNCTIVITIS,CALCARIA FLOURIDE 3X FERRUM PHOSPHORICUM 12X KALI MURIATICUM 3X KALI PHOSPHORICUM 3X KALI SULPHURICUM 3X NATRUM MURIATICUM 3X NATRUM PHOSPHORICUM 3X NATRUM SULPHURICUM  3X SILICEA 12X MIX IN WATER AND TAKE,,
CONSTIPATION,"CALCARIA FLOURIDE 3X CALCAREA PHOSPHORICA 3X OR 12X FERRUM PHOSPHORICUM 12X KALI MURIATICUM 3X KALI PHOSPHORICUM 3X KALI  SULPHURICUM 3X MAGNESIA PHOSPHORICA 3X NATRUM MURIATICUM 3X NATRUM PHOSPHORICUM 3X SILICEA 12X MIX IN WATER AND TAKE 3-4 TIMES A DAY IF REMEDY FAILS,TRY REMEDY 2 ",NATRUM SULPHURICUM 3X CALCAREA  SULPHURICUM 3X MIX AND TAKE ,
COUGH,CALCARIA FLOURIDE 3X CALCAREA PHOSPHORICA 3X OR 12X FERRUM PHOSPHORICUM 12X KALI MURIATICUM 3X KALI PHOSPHORICUM 3X KALI SULPHURICUM 3X MAGNESIA PHOSPHORICA 3X NATRUM MURIATICUM 3X NATRUM PHOSPHORICUM 3X SILICEA 12X MIX AND TAKE AT A GAP OF 3-3 HOURSIF REMEDY FAILS TRY REMEDY 2 ,CALCAREA SULPHURICUM 3X NATRUM PHOSPHORICUM 3X MIX AND TAKE AT A GAP OF 3-3 HOURS,
CRAMP,KALI PHOSPHORICUM 3X CALCAREA PHOSPHORICA 3X OR 12X MAGNESIA PHOSPHORICA 3X MIX IN WARM WATER AND TAKEMANY TIMES A DAY AND TAKEWARM WATER TO DRINK ,,
CRONIC DISEASE,CALCAREA PHOSPHORICA 3X OR 12X CALCAREA SULPHURICUM 3X KALI  SULPHURICUM 3X MIX AND TAKE ,,
CRONIC HEART DISEASE,CALCARIA FLOURIDE 12X CALCAREA PHOSPHORICA 3X FERRUM PHOSPHORICUM 3X KALI MURIATICUM 3X KALI PHOSPHORICUM 3X KALI SULPHURICUM 3X MAGNESIA PHOSPHORICA 3X NATRUM MURIATICUM 3X NATRUM PHOSPHORICUM 3X NATRUM SULPHURICUM 3X SILICEA 12X MIX AND TAKE ,,
CROUP,KALI SULPHURICUM 3X CALCARIA FLOURIDE 3X CALCAREA PHOSPHORICA 3X FERRUM PHOSPHORICUM 12X KALI MURIATICUM 3X KALI PHOSPHORICUM 3X MAGNESIA PHOSPHORICA 3X NATRUM MURIATICUM 3X MIX AND TAKE IF REMEDY FAILS TRY REMEDY 2 ,CALCAREA SULPHURICUM 3X KALI SULPHURICUM 3X NATRUM PHOSPHORICUM 3X NATRUM SULPHURICUM 3X SILICEA 12X MIX AND TAKE ,
DANDRUFF,KALI MURIATICUM 3X KALI SULPHURICUM 3X NATRUM MURIATICUM 3X MIX AND TAKE ,,
DEAFNESS/HARDNESS OF HEARING,GIVE KALI MURIATICUM 3X IF REMEDY FAILS TRY REMEDY 2 ,FERRUM PHOSPHORICUM 12X KALI MURIATICUM 3X KALI PHOSPHORICUM 3X KALI SULPHURICUM 3X NATRUM MURIATICUM 3X SILICEA 12X MIX AND TAKE IF REMEDY FAILS TRY REMEDY 3 ,CALCARIA FLOURIDE 3X CALCAREA PHOSPHORICA 3X OR 12X CALCAREA SULPHURICUM 3X MAGNESIA PHOSPHORICA 3X NATRUM PHOSPHORICUM 3X NATRUM SULPHURICUM 3X 
DELIRIUM TREMENF,CALCAREA PHOSPHORICA 3X OR 12X FERRUM PHOSPHORICUM 12X KALI MURIATICUM 3X KALI PHOSPHORICUM 3X NATRUM MURIATICUM 3X NATRUM SULPHURICUM 3X MIX AND TAKE ,,
DIABETES,CALCAREA PHOSPHORICA 3X  FERRUM PHOSPHORICUM 12X KALI PHOSPHORICUM 3X MAGNESIA PHOSPHORICA 3X NATRUM PHOSPHORICUM 3X NATRUM SULPHURICUM 3X MIX AND TAKE 4TIMES A DAY IF REMEDY FAILS TRY REMEDY 2 ,CALCAREA PHOSPHORICA 3X OR 12X FERRUM PHOSPHORICUM 12X KALI PHOSPHORICUM 3X MAGNESIA PHOSPHORICA 3X NATRUM PHOSPHORICUM 3X NATRUM SULPHURICUM 3X KALI MURIATICUM 3X NATRUM MURIATICUM 3X MIX AND TAKE IF PAIN IN NIGHT THEN TAKESILICEA 12X ,
DIARRHOEA,CALCAREA PHOSPHORICA 3X OR 12X FERRUM PHOSPHORICUM 12X KALI MURIATICUM 3X KALI PHOSPHORICUM 3X KALI  SULPHURICUM 3X MAGNESIA PHOSPHORICA 3X NATRUM MURIATICUM 3X NATRUM PHOSPHORICUM 3X NATRUMSULPHURICUM 3X MIX IN WATER AND  GIVE MANY TIMES A DAYIF REMEDY FAILS TRY REMEDY 2 ,,
DILATATION OF HEART,CALCARIA FLOURIDE 3X FERRUM PHOSPHORICUM 12X KALI MURIATICUM 3X KALI SULPHURICUM 3X NATRUM MURIATICUM 3X .AVOID OILY FOOD,,
DISLOCATION OF BONE,CALCARIA FLOURIDE 3X NATRUM MURIATICUM 3X MIX AND TAKE IF REMEDY FAILS TRY REMEDY 2 ,CALCAREA PHOSPHORICA 3X OR 12X CALCAREA SULPHURICUM 3X MIX AND TAKE ,
DYSENTRY,CALCAREA PHOSPHORICA 3X OR 12X FERRUM PHOSPHORICUM 12X KALI MURIATICUM 3X KALI PHOSPHORICUM 3X MAGNESIA PHOSPHORICA 3X NATRUM MURIATICUM 3X NATRUM SULPHURICUM 3X MIX AND TAKE IF DONT GET RELIEF IN 12 HOURS THEN TAKE ONLYCALCAREA  SULPHURICUM 3X IF REMEDY FAILS TRY REMEDY 2 ,CALCARIA FLOURIDE 3X KALI SULPHURICUM 3X NATRUM PHOSPHORICUM 3X SILICEA 12X MIX AND TAKE ,
DYSMENORRHOEA,,,
DYSPEPSIA,CALCAREA SULPHURICUM 3X KALI PHOSPHORICUM 3X NATRUM MURIATICUM 3X NATRUM SULPHURICUM 3X MIX AND TAKE AT THE GAP OF 3-3 HOURSIF REMEDY FAILS TRY REMEDY 2 ,CALCAREA PHOSPHORICA 3X OR 12X FERRUM PHOSPHORICUM 12X KALI MURIATICUM 3X MAGNESIA PHOSPHORICA 3X NATRUM PHOSPHORICUM 3X SILICEA 12X ,
EAR DISCHARGE FROM,CALCAREA PHOSPHORICA 3X OR 12X  CALCAREA  SULPHURICUM 3X FERRUM PHOSPHORICUM 12X KALI PHOSPHORICUM 3X KALI SULPHURICUM 3X NATRUM MURIATICUM 3X SILICEA MIX AND TAKE ,,
EARACHE,CALCAREA PHOSPHORICA 3X OR 12X CALCARIA FLOURIDE 3X FERRUM PHOSPHORICUM 12X KALI MURIATICUM 3X KALI PHOSPHORICUM 3X KALI SULPHURICUM 3X MAGNESIA PHOSPHORICA 3X NATRUM SULPHURICUM 3X MIX AND TAKE IF REMEDY FAILS TRY REMEDY 2 ,CALCAREA SULPHURICUM 3X NATRUM MURIATICUM 3X NATRUM PHOSPHORICUM 3X SILICEA 12X MIX AND TAKE ,
EASY CHILD BIRTH,,,
ECZEMA,,,
EISONOPHILIA,CALCARIA FLOURIDE 3X FERRUM PHOSPHORICUM 12X NATRUM PHOSPHORICUM 3X MIX AND TAKE ,,
EMPHYSEMA,CALCARIA FLOURIDE 3X SILICEA 12X KALI MURIATICUM 3X NATRUM MURIATICUM 3X FERRUM PHOSPHORICUM 12X CALCAREA SULPHURICUM 3X CALCAREA PHOSPHORICA 3X OR 12X MIX AND TAKE ,,
ENDOCARDITIS,FERRUM PHOSPHORICUM 12X KALI MURIATICUM 3X NATRUM MURIATICUM 3X MIX AND TAKE IF REMEDY FAILS TRY REMEDY 2 ,CALCAREA PHOSPHORICA 3X OR 12X CALCARIA SULPHURICUM 3X MIX AND TAKE ,
EPILEPSY,KALI MURIATICUM 3X 4TIMES A DAY IF REMEDY FAILS TRY REMEDY 2 ,CALCAREA PHOSPHORICA 3X OR 12X CALCAREA SULPHURICUM 3X KALI PHOSPHORICUM 3X MAGNESIA PHOSPHORICA 3X NATRUM MURIATICUM 3X KALI SULPHURICUM 3X NATRUM PHOSPHORICUM 3X SILICEA 12X MIX AND TAKE IF REMEDY FAILS TRY REMEDY 3 ,
ERYSIPELAS,FERRUM PHOSPHORICUM 12X KALI MURIATICUM 3X NATRUM SULPHURICUM 3X CALCARIA FLOURIDE 3X KALI SULPHURICUM 3X NATRUM PHOSPHORICUM 3X SILICEA 12X MIX AND TAKE ,,
"EXHAUSTION\/WEAKNESS,COLLAPSE",CALCAREA PHOSPHORICA 3X OR 12X KALI PHOSPHORICUM 3X NATRUM MURIATICUM 3X MIX IN WATER AND TAKE,,
FALLING OF HAIR,CALCAREA PHOSPHORICA 3X OR 12X KALI MURIATICUM 3X KALI PHOSPHORICUM 3X KALI SULPHURICUM 3X NATRUM MURIATICUM 3X SILICEA 12X MIX IN WATER AND TAKE AT THE GAP OF 4-4 HOURS.,,
FEAR,KALI PHOSPHORICUM 3X ,,
FEVER,"FERRUM PHOS 12X,KALI MUR 3X , NAT SULF 3X MIX AND TAKE ,REPEAT AFTER 2 HRS IF AFTER 14 HRS NO EFFECT TRY REMEDY 2","CALC FLOR 3X,CALC PHOS 3X OR 12X ,FERUM PHOS 12X ,KALI MUR 3X , KALI PHOS 3X,NAT SULF 3X ,SIL 12X MIX AND REPEAT  EVERY 2 HRS TILL 24 HRS IF THIS ALSO FAILS TRY REMEDY 3","CALC SULF 3X,NAT MUR 3X MIX AND REPEAT AFTER EVERY TWO HOURS "
FILARIA,KALI SULPHURICUM 3X KALI MURIATICUM 3X NATRUM PHOSPHORICUM 3X NATRUM SULPHURICUM 3X SILICEA 12X MIX AND TAKE ,,
FISTULA,CALCARIA FLOURIDE 3X CALCAREA PHOSPHORICA 3X OR 12X CALCARIA SULPHURICUM 3X KALI PHOSPHORICUM 3X NATRUM MURIATICUM 3X NATRUM SULPHURICUM 3X SILICEA 12X MIX AND TAKE ,,
FLATULENCE,CALCAREA PHOSPHORICA 3X OR 12X KALI PHOSPHORICUM 3X MAGNESIA PHOSPHORICA 3X NATRUM MURIATICUM 3X NATRUM PHOSPHORICUM 3X NATRUM SULPHURICUM 3X KALI SULPHURICUM 3X MIX AND TAKE ,,
FREQUENT IN URINATION,"CALCAREA PHOSPHORICA 3X OR 12X ,FERRUM PHOSPHORICUM 12X NATRUM MURIATICUM 3X AND NATRUM SULPHURICUM 3X MIX AND TAKE \r\nTHIS WILL SOLVE THE PROBLEM",,
GALLSTONE,CALCARIA FLOURIDE 3X CALCAREA PHOSPHORICA 3X OR 12X MAGNESIA PHOSPHORICA 3X NATRUM SULPHURICUM 3X NATRUM PHOSPHORICUM 3X SILICEA 12X MIX AND TAKE ,GFJHJH,
GANGRENE,KALI PHOSPHORICUM 3X  TAKE AT A GAP OF 1-1 HOUR A DAY AND AFTER THAT ,,
GASTRIC ULCER,CALCAREA PHOSPHORICA 3X OR 12X CALCARIA FLOURIDE 3X KALI PHOSPHORICUM 3X NATRUM MURIATICUM 3X NATRUM SULPHURICUM 3X SILICEA 12X MIX AND TAKE ,,
GIDDINESS VERTIGO,FERRUM PHOSPHORICUM 12X KALI MURIATICUM 3X KALI PHOSPHORICUM 3X MAGNESIA PHOSPHORICA 3X NATRUM SULPHURICUM 3X NATRUM PHOSPHORICUM 3X KALI SULPHURICUM 3X MIX AND TAKE ,,
GLANDS,NATRUM PHOSPHORICUM 3X KALI MURIATICUM 3X CALCARIA FLOURIDE 3X MIX AND TAKE ,,
GONORRHOEA,FIRST SILICEA 200X ONE TABLET AT THE GAP OF 3-3 DAYS FOR 3-4 TIMES. IF REMEDY FAILS TRY REMEDY 2,CALCAREA PHOSPHORICA 3X OR 12X FERRUM PHOSPHORICUM 12X KALI MURIATICUM 3X KALI PHOSPHORICUM 3X KALI SULPHURICUM 3X MAGNESIA PHOSPHORICA 3X NATRUM MURIATICUM 3X NATRUM PHOSPHORICUM 3X NATRUM SULPHURICUM 3X SILICEA 12X MIX AND TAKE AT THE GAP OF 3-3 HOURS.IF REMEDY FAILS TRY REMEDY 2 ,CALCARIA FLOURIDE 3X CALCARIA SULPHURICUM 3X MIX AND TAKE AT THE GAP OF 3-3 HOURS
GOUT,CALCARIA FLOURIDE 3X OR 12X CALCAREA PHOSPHORICA 3X FERRUM PHOSPHORICUM 12X KALI MURIATICUM 3X MAGNESIA PHOSPHORICA 3X NATRUM MURIATICUM 3X NATRUM PHOSPHORICUM 3X NATRUM SULPHURICUM 3X SILICEA 12X MIX AND TAKE AT A GAP OF 4-4 HOURS A DAYIF REMEDY FAILS TRY REMEDY 2 ,CALCARIA SULPHURICUM 3X KALI SULPHURICUM 3X KALI PHOSPHORICUM 3X MIX AND TAKE ,
GRANULES\/TRACHOMA,KALI MURIATICUM 3X MIX IN WATER AND TAKE IF REMEDY FAILS TRY REMEDY 2 ,KALI MURIATICUM 3X NATRUM MURIATICUM 3X NATRUM SULPHURICUM 3X MIX AND TAKE ,
GUM SWOLLEN,CALCAREA PHOSPHORICA 3X OR 12X KALI PHOSPHORICUM 3X KALI SULPHURICUM 3X MAGNESIA PHOSPHORICA 3X NATRUM MURIATICUM 3X NATRUM SULPHURICUM 3X MIX AND TAKE IF REMEDY FAILS TRY REMEDY 2 ,SILICEA 12X NATRUM PHOSPHORICUM 3X KALI MURIATICUM 3X FERRUM PHOSPHORICUM 12X MIX AND TAKE ,
HAEMORRHAGE TO STOP,CALCAREA FLOURIDE3X FERRUM PHOSPHORICUM 12X KALI MURIATICUM 3X KALI PHOSPHORICUM 3X NATRUM MURIATICUM 3X NATRUM PHOSPHORICUM 3X MIX AND TAKE IF REMEDY FAILS TRY REMEDY 2 ,,
HEADACHE,CALCAREA PHOSPHORICA 3X OR 12X FERRUM PHOSPHORICUM 12X KALI MURIATICUM 3X KALI PHOSPHORICUM 3X MAGNESIA PHOSPHORICA 3X NATRUM MURIATICUM 3X NATRUM PHOSPHORICUM 3X NATRUM SULPHURICUM 3X SILICEA 12X MIX AND TAKE IF REMEDY FAILS TRY REMEDY 2 ,CALCARIA FLOURIDE 3X KALI SULPHURICUM 3X CALCARIA SULPHURICUM 3X MIX AND TAKE IF REMEDY FAILS TRY REMEDY 3 ,NUXVOMICA6\nBELLADONNA6........................ 
HEART FAILURE,,,
HEAT STROKE,NATRUM MURIATICUM 3X IF REMEDY FAILS TRY REMEDY 2 ,KALI PHOSPHORICUM 3X NATRUM SULPHURICUM 3X NATRUM MURIATICUM 3X MANY TIMES A DAY ,
HERNIA,CALCARIA FLOURIDE 3X SILICEA 12X NATRUM MURIATICUM 3X KALI MURIATICUM 3X FERRUM PHOSPHORICUM 12X CALCAREA PHOSPHORICA 3X OR 12X MIX AND TAKE ,,
HERPES ZOSTER,CALCAREA PHOSPHORICA 3X OR 12X KALI MURIATICUM 3X NATRUM MURIATICUM 3X FERRUM PHOSPHORICUM 3X NATRUM PHOSPHORICUM 3X NATRUM SULPHURICUM 3X KALI PHOSPHORICUM 3X KALI SULPHURICUM 3X SILICEA 12X MIX AND TAKE IF REMEDY FAILS TRY REMEDY 2 ,CALCARIA SULPHURICUM 3X CALCARIA FLOURIDE 3X MAGNESIA PHOSPHORICA 3X MIX AND TAKE ,
HICCOUGH,MAGNESIA PHOSPHORICA 3X MIX IN VERY HOT WATER AND TAKE MANY TIMES A DAY IF REMEDY FAILS TRY REMEDY 2 ,CALCARIA FLOURIDE 3X CALCAREA PHOSPHORICA 3X OR 12X FERRUM PHOSPHORICUM 12X KALI MURIATICUM 3X KALI PHOSPHORICUM 3X KALI SULPHURICUM 3X NATRUM SULPHURICUM 3X MAGNESIA PHOSPHORICA 3X SILICEA 12X MIX AND TAKE IF REMEDY FAILS TRY REMEDY 3 ,CALCARIA SULPHURICUM 3X 
HIGH BLOOD PRESSURE,CALCARIA FLOURIDE 3X CALCAREA PHOSPHORICA 3X OR 12X FERRUM PHOSPHORICUM 12X KALI MURIATICUM 3X KALI PHOSPHORICUM 3X KALI SULPHURICUM 3X MAGNESIA PHOSPHORICA 3X NATRUM MURIATICUM 3X NATRUM PHOSPHORICUM 3X NITRICUM ACIDUM 3X SILICEA 12X MIX AND TAKE IF REMEDY FAILS TRY REMEDY 2 ,CALCARIA SULPHURICUM 3X ,
HYDROCELE,CALCARIA FLOURIDE 3X CALCAREA PHOSPHORICA 3X OR 12X FERRUM PHOSPHORICUM 3X NATRUM MURIATICUM 3X NATRUM PHOSPHORICUM 3X NATRUM SULPHURICUM 3X SILICEA 12X KALI MURIATICUM 3X MIX AND TAKE ,,
HYDROPHOBIA,,,
HYPEROPIA HYPERMETROPIA,NATRUM MURIATICUM 30X EVERYDAY 4:00 TILL EVENING FOR 1 MONTH AFTER THAT NATRUM MURIATICUM 200X ONE TABLET IN EVENING F,SILICEA 30X DAILY IN MORNING,
HYPERTROPHY OF HEART,CALCARIA FLOURIDE 3X FERRUM PHOSPHORICUM 12X KALI MURIATICUM 3X NATRUM MURIATICUM 3X MIX AND TAKE.AVOID OILY FOOD ,,
HYSTERIA,,,
IDIOCY,CALCARIA SULPHURICUM 3X CALCARIA FLOURIDE 3X SILICEA 12X NATRUM MURIATICUM 3X CALCAREA PHOSPHORICA 3X OR 12X KALI PHOSPHORICUM 3X MAGNESIA PHOSPHORICA 3X MIX AND TAKE THIS IF REMEDY FAILS MANY A DAY AND ,,
IMPOTENCY,CALCAREA PHOSPHORICA 3X OR 12X CALCARIA SULPHURICUM 3X KALI PHOSPHORICUM 3X NATRUM MURIATICUM 3X NATRUM PHOSPHORICUM 3X NATRUM SULPHURICUM 3X KALI MURIATICUM 3X SILICEA 12X MIX AND TAKE 4-5TIMES A DAYIF REMEDY FAILS TRY REMEDY 2 ,,
INABILITY TO RETAIN UINE,MAGNESIA PHOSPHORICA 3X NATRUM SULPHURICUM 3X MIX AND TAKE \r\nIF THE CHILD HAS FEVER THEN TRY REMEDY 2,"FERRUM PHOSPHORICUM 12X ,KALI MURIATICUM 3X MIX IN WARM WATER",
INDIGESTION,CALCARIA SULPHURICUM 3X NATRUM MURIATICUM 3X MIX AND TAKE 4 TIMES A DAYIF REMEDY FAILS TRY REMEDY 2 ,CALCAREA PHOSPHORICA 3X OR 12X FERRUM PHOSPHORICUM 12X KALI MURIATICUM 3X KALI PHOSPHORICUM 3X MAGNESIA PHOSPHORICA 3X NATRUM PHOSPHORICUM 3X SILICEA 12X MIX AND TAKE ,
INFANTILE LIVER,,,
INFANTILE PARALYSIS\/PYOMYLITIS,,,
INJURIES BLEEDING,STAPHYSAGARIA 30 1 TABLET AT THE OF 4 HOURS.,,
INJURIES IF NEGLECTED,"CALCARIA SULPHURICUM 3X,SILICEA 12X MIX AND TAKE AT THE GAP OF 4-4 HOURS.",,
INJURIES MECHANICAL,"CALCARIA FLOURIDE 3X,CALCAREA PHOSPHORICA 3X OR 12X,FERRUM PHOSPHORICUM 12X, KALI MURIATICUM 3X,NATRUM PHOSPHORICUM 3X,SILICEA 12X MIX AND TAKE AT THE GAP OF 2-2 HOURSIF REMEDY FAILS TRY REMEDY 2",,
INJURIES OF THE BONES-FRACTURES,"CALCARIA FLOURIDE 3X,CALCAREA PHOSPHORICA 3X OR 12X MIX AND TAKE.",,
INJURIES OF THE HEAD,"ONLY NATRUM SULPHURICUM 3X ORCALCAREA PHOSPHORICA 3X OR 12X,FERRUM PHOSPHORICUM 12X,KALI MURIATICUM 3X,MAGNESIA PHOSPHORICA 3X NATRUM PHOSPHORICUM 3X MIX AND TAKE.",,
INSANITY-MADNESS,KALI PHOSPHORICUM 30X,,
INSECTBITES,NATRUM MURIATICUM 3X  MIX IN WATER AND GIVE.,,
INTERMITTENT FEVER,,,
ITCHES-SCABIES," KALI MURIATICUM 3X,NATRUM MURIATICUM 3X, KALI SULPHURICUM 3X ,NATRUM PHOSPHORICUM 3X,NATRUM SULPHURICUM 3X ,SILICEA 12X MIX AND TAKE IF REMEDY FAILS TRY REMEDY 2","CALCARIA FLOURIDE 3X,CALCAREA PHOSPHORICA 3X, CALCAREA PHOSPHORICA 12X, KALI  PHOSPHORICA 3X,KALI SULPHURICUM 3X MIX AND TAKE.",
JAUNDICE,"FERRUM PHOSPHORICUM 12X, KALI MURIATICUM 3X,KALI  PHOSPHORICA 3X,KALI SULPHURICUM 3X,NATRUM MURIATICUM 3X,NATRUM SULPHURICUM 3X MIX AND TAKE.",,
LARYNGITIS,"CALCARIA FLOURIDE 3X,CALCAREA PHOSPHORICA 3X,CALCARIA SULPHURICUM 3X,FERRUM PHOSPHORICUM 12X,KALI  PHOSPHORICA 3X,NATRUM MURIATICUM 3X, NATRUM PHOSPHORICUM 3X MIX AND TAKE  IF REMEDY FAILS TRY REMEDY 2.",BALLADONA 3 ONE TABLET AT THE GAP OF EVERY 4 HOUR.,
LEPROSY,,,
LEUCAMIA,,,
LEUCODERMA,"CALCARIA PHOSPHORICA 12X,NATRUM MURIATICUM 12X MIX IN WATER AND  TAKE AND ALSO MIX IN OIL AND APPLY ON AFFECTED AREA 3-4 TIMES A DAY.",,
LEUCORRHOEA,,"CALCARIA PHOSPHORICA 12X,KALI  PHOSPHORICA 12X,KALI SULPHURICUM 12X, KALI MURIATICUM 12X,NATRUM MURIATICUM 12X,NATRUM PHOSPHORICUM 3X,NATRUM SULPHURICUM 3X,SILICEA 12X MIX AND  TAKE2 TIMES A DAY FOR 1-2 WEEKS IF REMEDY FAILS TRY REMEDY 3"," CALCAREA SULPHURICUM 12X,CALCARIA FLOURIDE 12X,FERRUM PHOSPHORICUM 12X,MAGNESIA PHOSPHORICA 12X MIX AND 2 TIMES A DAY FOR 1-2 WEEKS"
LIVER SLUGGISH,"KALI MURIATICUM 3X,NATRUM SULPHURICUM 3X  MIX AND  TAKE 2-3 TIMES A DAY IF REQUIRED THEN INCREASE ITS POTENCY BY 6X AND THEN 12X.",,
LOCK JAW TETANUS,"CALCARIA PHOSPHORICA 12X OR 3X,,KALI  PHOSPHORICA 3X,KALI SULPHURICUM 3X,MAGNESIA PHOSPHORICA 3X MIX IN VERY HOT WATER AND TAKE MANY TIMES A DAY THEN DECREASE THE DOAES SLOWLY. IF REMEDY FAILS TRY REMEDY 2",2 TABLETS ORF CICUTA VROSA 1000,
LOW BLOOD PRESSURE,"CALCARIA PHOSPHORICA 12X OR 3X,KALI  PHOSPHORICA 3X,NATRUM MURIATICUM 3X MIX AND TAKE.",,
MARASMUS,"CALCARIA PHOSPHORICA  3X,KALI  PHOSPHORICA 3X,NATRUM MURIATICUM 3X ,NATRUM SULPHURICUM 3X,NATRUM PHOSPHORICUM 3X,SILICEA 12X MIX AND TAKE .",,
MEASLES,FERRUM PHOSPHORICUM 12X KALI MURIATICUM 3X KALI PHOSPHORICUM 3X KALI SULPHURICUM 3X NATRUM MURIATICUM 3X CALCAREA PHOSPHORICA 3X SILICEA 12X ARSENICUM ALBUM 6 PULSATILLA 6 MIX AND GIVE AFTER 3-4 HOURS,,
MENINGITS,"CALCARIA PHOSPHORICA  3X OR 12X,FERRUM PHOSPHORICUM 12X,KALI MURIATICUM 3X,KALI  PHOSPHORICA 3X,NATRUM MURIATICUM 3X ,NATRUM SULPHURICUM 3X,SILICEA 12X MIX AND TAKE MANY TIMES A DAY.",,
MENSES SCANTY OR SUPPRESSED,"CALCARIA PHOSPHORICA  3X OR 12X,KALI MURIATICUM 3X,KALI SULPHURICUM 3X,NATRUM MURIATICUM 3X,SILICEA 12X MIX AND TAKE 3 TIMES FOR A WEEK.",,
MISCHIEVOUSNESS,NATRUM MURIATICUM 200X ONE TABLET FOR A WEEK AT 6:00 P.M.,,
MOTHER'S MILK TO DECREASE,CALCARIA FLOURIDE 3X NATRUM MURIATICUM 3X NATRUM SULPHURICUM 3X MIX AND TAKE ,,
MUMPS,"CALCARIA FLOURIDE 3X,CALCARIA PHOSPHORICA  3X OR 12X,FERRUM PHOSPHORICUM 12X,KALI MURIATICUM 3X,KALI  PHOSPHORICA 3X,NATRUM MURIATICUM 3X ,NATRUM SULPHURICUM 3X,NATRUM PHOSPHORICUM 3X,MAGNESIA PHOSPHORICA 12X,SILICEA 12X MIX AND TAKE  AFTER 2-3 HOURS IF REMEDY FAILS TRY REMEDY 2.","CALCARIA SULPHURICUM 3X ,KALI SULPHURICUM 3X MIX AND TAKE.",
NEPHRITIS,"CALCARIA FLOURIDE 3X,CALCARIA PHOSPHORICA  3X OR 12X,KALI MURIATICUM 3X,KALI  PHOSPHORICA 3X,NATRUM SULPHURICUM 3X,SILICEA 12X MIX AND TAKE AT THE GAP OF 3-3 HOURS IF REMEDY FAILS TRY REMEDY 2.","CALCARIA SULPHURICUM 3X ,KALI SULPHURICUM 3X,MAGNESIA PHOSPHORICA 3X,NATRUM MURIATICUM 3X,NATRUM PHOSPHORICUM 3X MIX AND TAKE.",
NEURALGIA,"FERRUM PHOSPHORICUM 12X,KALI MURIATICUM 3X,KALI  PHOSPHORICA 3X,MAGNESIA PHOSPHORICA 3X MIX IN VERY HOT WATER AND TAKE IF REMEDY FAILS TRY REMEDY 2.","CALCARIA FLOURIDE 12X,CALCARIA PHOSPHORICA  3X OR 12X,CALCARIA SULPHURICUM 3X ,KALI SULPHURICUM 3X,NATRUM MURIATICUM 3X,NATRUM PHOSPHORICUM 3X,NATRUM SULPHURICUM 3X,SILICEA 12X MIX AND TAKE.",
NEURASTHANIA-NERVOUS BREAK DOWN,"CALCARIA PHOSPHORICA  12X,MAGNESIA PHOSPHORICA 12X,KALI  PHOSPHORICA 12X,FERRUM PHOSPHORICUM 12X,NATRUM MURIATICUM 12X,NATRUM PHOSPHORICUM 12X,SILICEA 12X MIX AND TAKE 3 TIMES A DAY.",,
NEURITIS,"FERRUM PHOSPHORICUM 12X,CALCARIA PHOSPHORICA  3X OR 12X,KALI MURIATICUM 3X,KALI PHOSPHORICUM 6X,MAGNESIA PHOSPHORICA 3X,NATRUM MURIATICUM 3X,NATRUM PHOSPHORICUM 3X,SILICEA 12X MIX AND TAKE IN VERY HOT WATER.",,
NIGHT BLINDNES,"SILICEA 12X, NATRUM MURIATICUM 3X MIX AND TAKE",,
NOSE STUFFED UP,"CALCARIA FLOURIDE 3X,KALI MURIATICUM 3X,KALI SULPHURICUM 3X,NATRUM SULPHURICUM 3X IF REMEDY FAILS TRY REMEDY 2.",NUXVOMICA-6 AT NIGHT  OR 3:00 P.M.,
OBESITY,"CALCARIA PHOSPHORICA  3X OR 12X,KALI  PHOSPHORICA 3X,NATRUM MURIATICUM 3X,SILICEA 12X MIX AND TAKE FOR MANY DAYS DAY . AFTER TWO WEEKS TAKE KALI  PHOSPHORICA 3X,NATRUM MURIATICUM 3X,SILICEA 12X AFTER FEW DAYS AGAIN TAKE CALCARIA PHOSPHORICA  3X OR 12X,KALI  PHOSPHORICA 3X,NATRUM MURIATICUM 3X,SILICEA 12X.",,
OBSTINACY IN CHILDREN TO REMOVE,GIVE 3-4 DOSES OF SILICEA 200X AT THE GAP OF 15-15 DAYS,,
OPIUM HABIT,"KALI  PHOSPHORICA 3X,NATRUM PHOSPHORICUM 3X,MIX AND TAKE  4 TIMES A DAY.",,
ORCHITIS,"FERRUM PHOSPHORICUM 12X,KALI MURIATICUM 3X,KALI SULPHURICUM 3X,CALCARIA PHOSPHORICA  3X OR 12XCALCARIA FLOURIDE 3X,MAGNESIA PHOSPHORICA 3X,SILICEA 12X MIX AND TAKE. IF REMEDY FAILS TRY REMEDY 2.","NATRUM SULPHURICUM 3X,NATRUM MURIATICUM 3X,FERRUM PHOSPHORICUM 12X,KALI MURIATICUM 3X,KALI SULPHURICUM 3X,CALCARIA PHOSPHORICA  3X OR 12XCALCARIA FLOURIDE 3X,MAGNESIA PHOSPHORICA 3X,SILICEA 12X MIX AND TAKE.",
PAIN,MAGNESIA PHOSPHORICA 3X MIX IN VERY HOT WATER AND TAKE.IF REMEDY FAILS TRY REMEDY 2.,"CALCARIA PHOSPHORICA  3X OR 12X,KALI MURIATICUM 3X,KALI PHOSPHORICUM 3X,KALI SULPHURICUM 3X,NATRUM MURIATICUM 3X,NATRUM PHOSPHORICUM 3X,NATRUM SULPHURICUM 3X,FERRUM PHOSPHORICUM 3X,SILICEA 12X MIX AND TAKE.","FERRUM PHOSPHORICUM 12X,KALI SULPHURICUM 3X,CALCARIA SULPHURICUM 3X MIX AND TAKE."
PALPITATION OF HEART,KALI PHOSPHORICUM 3X OR 12X IF REMEDY FAILS TRY REMEDY 2 ,CALCARIA FLOURIDE 12X CALCAREA PHOSPHORICA 3X FERRUM PHOSPHORICUM 3X KALI MURIATICUM 3X KALI PHOSPHORICUM 3X KALI SULPHURICUM 3X MAGNESIA PHOSPHORICA 3X NATRUM MURIATICUM 3X NATRUM PHOSPHORICUM 3X NATRUM SULPHURICUM 3X SILICEA 12X MIX AND TAKE ,
PARALYSIS,DAILY ONE DOSE OF KALI PHOSPHORICUM 200X.IF REMEDY FAILS TRY REMEDY 2.,"CALCARIA PHOSPHORICA   12X,CALCARIA SULPHURICUM 12X,KALI PHOSPHORICUM 12X,MAGNESIA PHOSPHORICA 12X,NATRUM MURIATICUM 3X,NATRUM PHOSPHORICUM 3X,SILICEA 12X MIX AND TAKE.",
PHARYNGITIS,"CALCARIA PHOSPHORICA  3X OR 12X,CALCARIA FLOURIDE 3X,FERRUM PHOSPHORICUM 12X,KALI PHOSPHORICUM 3X,KALI MURIATICUM 3X,NATRUM SULPHURICUM 3X,MAGNESIA PHOSPHORICA 3X,NATRUM MURIATICUM 3X,NATRUM PHOSPHORICUM 3X,SILICEA 12X MIX AND TAKE.IF REMEDY FAILS TRY REMEDY 2.",TAKE CALCARIA SULPHURICUM 3X.,
PHIMOSIS,TAKE NATRUM MURIATICUM 3X BY MIXING IN WATER.,,
PHLEGM-EXCCSSIVE,"KALI SULPHURICUM 3X ,SILICEA 12X MIX AND TAKE.",,
PHOTOPHIBA,"CALCARIA PHOSPHORICA  3X OR 12X,NATRUM MURIATICUM 3X,SILICEA 12X MIX AND TAKE.",,
PILES-BLEEDING OR BLIND,"CALCARIA PHOSPHORICA  3X OR 12X,CALCARIA FLOURIDE 3X,FERRUM PHOSPHORICUM 12X,KALI PHOSPHORICUM 3X,KALI MURIATICUM 3X, KALI SULPHURICUM 3X ,NATRUM SULPHURICUM 3X,MAGNESIA PHOSPHORICA 3X,NATRUM MURIATICUM 3X,NATRUM PHOSPHORICUM 3X,SILICEA 12X MIX AND TAKE AT THE GAP OF 3-3 HOURS.",,
PLAGUE,"CALCARIA PHOSPHORICA  3X OR 12X,CALCARIA FLOURIDE 3X,FERRUM PHOSPHORICUM 12X,KALI PHOSPHORICUM 3X,KALI MURIATICUM 3X, KALI SULPHURICUM 3X ,NATRUM SULPHURICUM 3X,NATRUM MURIATICUM 3X,NATRUM PHOSPHORICUM 3X,SILICEA 12X MIX AND TAKE.IF REMEDY FAILS TRY REMEDY 2.","CALCARIA FLOURIDE 3X,MAGNESIA PHOSPHORICA 3X, CALCARIA SULPHURICUM 3X ,MIX AND TAKE.",
PLEURISY,"CALCARIA PHOSPHORICA  3X OR 12X,FERRUM PHOSPHORICUM 12X,KALI MURIATICUM 3X,NATRUM MURIATICUM 3X  MIX AND TAKE.IF REMEDY FAILS TRY REMEDY 2.", CALCARIA SULPHURICUM 3X,
PNEUMONINA,"CALCARIA PHOSPHORICA  3X OR 12X,FERRUM PHOSPHORICUM 12X,KALI PHOSPHORICUM 3X,KALI MURIATICUM 3X, KALI SULPHURICUM 3X ,NATRUM SULPHURICUM 3X,NATRUM MURIATICUM 3X,NATRUM PHOSPHORICUM 3X, MAGNESIA PHOSPHORICA 3X MIX AND TAKE.IF REMEDY FAILS TRY REMEDY 2.","SILICEA 12X, CALCARIA SULPHURICUM 3X.",
POLIOMYLITIS,,,
POLYPUS,"CALCARIA PHOSPHORICA  3X OR 12X,CALCARIA FLOURIDE 3X,NATRUM MURIATICUM 3X  MIX AND TAKE.IF REMEDY FAILS TRY REMEDY 2.","SILICEA 12X,CALCARIA PHOSPHORICA  3X OR 12X,CALCARIA FLOURIDE 3X,NATRUM MURIATICUM 3X  MIX AND TAKE.",
POTT'S DISEASE,"SILICEA 12X,CALCARIA PHOSPHORICA  3X OR 12X MIX AND TAKE.",,
PREGNANCY TO KEEP HEALTHY DURING,KALI  PHOSPHORICA 3X.,,
PUERPERAL FEVER,"FERRUM PHOSPHORICUM 12X,KALI PHOSPHORICUM 3X,KALI MURIATICUM 3X MIX AND TAKE.",,
PULSE MISSING,"KALI PHOSPHORICUM 3X,KALI MURIATICUM 3X,NATRUM MURIATICUM 3X  MIX AND TAKE.",,
PYORRHOEA,SILICEA 6X DAILY 4 TIMES FOR 2 WEEKS. THEN SILICEA 200X 2 TIMES IN A WEEK.THEN CALCARIA SULPHURICUM 3X 2 TIMES IN A WEEK.,,
RHEUMATISM,"CALCARIA PHOSPHORICA  3X ,FERRUM PHOSPHORICUM 12X,KALI PHOSPHORICUM 3X,KALI MURIATICUM 3X, KALI SULPHURICUM 3X ,NATRUM SULPHURICUM 3X,NATRUM MURIATICUM 3X,NATRUM PHOSPHORICUM 3X, MAGNESIA PHOSPHORICA 3X ,SILICEA 12X  MIX AND TAKE.IF REMEDY FAILS TRY REMEDY 2.","CALCARIA FLOURIDE 3X, CALCARIA SULPHURICUM 3X MIX AND TAKE.",
RICKETS,"CALCARIA FLOURIDE 3X,CALCARIA PHOSPHORICA  3X,KALI PHOSPHORICUM 3X,NATRUM SULPHURICUM 3X,NATRUM MURIATICUM 3X,NATRUM PHOSPHORICUM 3X,SILICEA 12X  MIX AND TAKE.",,
RING WORM,NATRUM SULPHURICUM 200X ONE TABLET IN A WEEK FOR 3-4WEEKS.IF REMEDY FAILS TRY REMEDY 2.,"NATRUM MURIATICUM 3X,SILICEA 12X,KALI SULPHURICUM 3X   MIX AND TAKE.",
SANPAAT,CALCAREA PHOSPHORICA 3X OR 12X FERRUM PHOSPHORICUM 12X KALI MURIATICUM 3X KALI PHOSPHORICUM 3X NATRUM MURIATICUM 3X NATRUM SULPHURICUM 3X MIX AND TAKE ,,
SCIATICA,"CALCARIA PHOSPHORICA  3X OR 12X,FERRUM PHOSPHORICUM 12X,CALCARIA SULPHURICUM 3X ,KALI PHOSPHORICUM 3X,KALI MURIATICUM 3X,NATRUM SULPHURICUM 3X,NATRUM MURIATICUM 3X,NATRUM PHOSPHORICUM 3X,SILICEA 12X,MAGNESIA PHOSPHORICA 3X , MIX IN WATER AND TAKE.",,
SCOPION STING,,,
SCROFULA,"CALCARIA PHOSPHORICA  3X OR 12 X ,CALCARIA FLOURIDE 3X,KALI MURIATICUM 3X,FERRUM PHOSPHORICUM 12X,MAGNESIA PHOSPHORICA 3X ,NATRUM PHOSPHORICUM 3X,SILICEA 12X MIX  AND TAKE.",,
SEA SICKNESS,"NATRUM MURIATICUM 3X,NATRUM PHOSPHORICUM 3X,KALI PHOSPHORICUM 3X MIX AND TAKE.",,
SEPTIC TONSILITIS,"CALCARIA SULPHURICUM 3X ORKALI PHOSPHORICUM 3X,NATRUM SULPHURICUM 3X,NATRUM MURIATICUM 3X,SILICEA 12X  MIX AND TAKE.",,
SEPTICOEMIA OR SEPITC CONDITION OF BLOOD,KALI PHOSPHORICUM 3X IF REMEDY FAILS TRY REMEDY 2.,"KALI MURIATICUM 3X, KALI SULPHURICUM 3X,FERRUM PHOSPHORICUM 12X,MAGNESIA PHOSPHORICA 3X ,NATRUM PHOSPHORICUM 3X MIX AND TAKE.",
SHOULDER PAIN,"KALI PHOSPHORICUM 3X,NATRUM SULPHURICUM 3X,NATRUM MURIATICUM 3X,SILICEA 12X MIX  AND TAKE.",,
SINUS,"CALCARIA SULPHURICUM 3X,CALCARIA FLOURIDE 3X,NATRUM MURIATICUM 3X ,KALI PHOSPHORICUM 3X MIX AND TAKE.",,
SLEEP EXCESSIVE,TAKENATRUM MURIATICUM 3X.,,
SLEEPLESSNESS,"FERRUM PHOSPHORICUM 12X,KALI PHOSPHORICUM 3X,KALI MURIATICUM 3X,NATRUM MURIATICUM 3X,MAGNESIA PHOSPHORICA 3X,SILICEA 12X MIX  AND TAKE.IF REMEDY FAILS TRY REMEDY 2.","CALCARIA SULPHURICUM 3XCALCARIA PHOSPHORICA  3X OR 12X,CALCARIA FLOURIDE 3X,NATRUM PHOSPHORICUM 3X,NATRUM SULPHURICUM 3X MIX AND TAKE.",
SMALL POX,,,
SNAKE BITE,,,
SNEEZETENDENCY,"SILICEA 12X,THEN TAKE SILICIA 30X",,
SNEEZING EXCESSIVE,"CALCARIA FLOURIDE 3X,CALCARIA PHOSPHORICA  3X OR 12X,CALCARIA SULPHURICUM 3X,MAGNESIA PHOSPHORICA 3X,NATRUM SULPHURICUM 3X,NATRUM MURIATICUM 3X,NATRUM PHOSPHORICUM 3X,SILICEA 12X,THEN 3X MIX AND TAKE.IF REMEDY FAILS TRY REMEDY 2.","FERRUM PHOSPHORICUM 12X,KALI PHOSPHORICUM 3X,KALI MURIATICUM 3X,KALI SULPHURICUM 3X,MAGNESIA PHOSPHORICA 3X MIX IN HOT WATER AND TAKE.",
SPERMATORRHOEA,"CALCARIA PHOSPHORICA  3X OR 12X,CALCARIA SULPHURICUM 3X,KALI PHOSPHORICUM 3X,NATRUM PHOSPHORICUM 3X, NATRUM MURIATICUM 3X,SILICEA 12X MIX  AND TAKE.IF REMEDY FAILS TRY REMEDY 2.","NATRUM SULPHURICUM 3X,KALI MURIATICUM 3X MIX  AND TAKE.",
SPLEEN PAIN,"CALCARIA PHOSPHORICA  3X OR 12X,KALI MURIATICUM 3X,KALI PHOSPHORICUM 3X,MAGNESIA PHOSPHORICA 3X,NATRUM MURIATICUM 3X,SILICEA 12X MIX  AND TAKE.",,
SPRAIN,"FERRUM PHOSPHORICUM 12X,CALCARIA SULPHURICUM 3XMIX  AND TAKE.",,
SPRUE,CALCARIA SULPHURICUM 200X DAILY IN MORNING FOR 5-7 DAYS ANDNATRUM MURIATICUM 3X DAILY AT 12:00 P.M.,,
SQUINT IN EYES,CALCAREA PHOSPHORICA 3X KALI MURIATICUM 3X KALI PHOSPHORICUM 3X NATRUM PHOSPHORICUM 3X NATRUM MURIATICUM 3X MAGNESIA PHOSPHORICA 3X FERRUM PHOSPHORICUM 12X TAKE 3 TIMES A DAY FOR MANY DAYS THEN FERRUM PHOSPHORICUM30X 2 TIMES ADAY,,
STOOL WHITE,"KALI MURIATICUM 3X,NATRUM MURIATICUM 3X,NATRUM PHOSPHORICUM 3X  MIX  AND TAKE.",,
STOOL-YELLOW,"KALI SULPHURICUM 3X,NATRUM SULPHURICUM 3X,MIX  AND TAKE.",,
STOOLGREEN,"CALCARIA PHOSPHORICA  3X OR 12X,NATRUM SULPHURICUM 3X , NATRUM MURIATICUM 3X MIX  AND TAKE.",,
STOOLHARD,"CALCARIA PHOSPHORICA  3X OR 12X,NATRUM SULPHURICUM 3X,NATRUM MURIATICUM 3X MIX  AND TAKE.",,
STYE ON EYE LID,"CALCARIA FLOURIDE 3X,FERRUM PHOSPHORICUM 12X,KALI MURIATICUM 3X,SILICEA 12X MIX  AND TAKE 4 TIMES A DAY.",,
SURGICAL OPERATION,"BEFORE OPERATION CALCARIA PHOSPHORICA  3X OR 12X ,KALI PHOSPHORICUM 3X,NATRUM MURIATICUM 3X MIX  AND TAKE.AFTER OPERATION CALCARIA FLOURIDE 3X,CALCARIA PHOSPHORICA  3X OR 12X,CALCARIA SULPHURICUM 3X,KALI PHOSPHORICUM 3X,FERRUM PHOSPHORICUM 12X,KALI MURIATICUM 3X,NATRUM MURIATICUM ,MAGNESIA PHOSPHORICA 3X,NATRUM PHOSPHORICUM 3X ,SILICEA 12X MIX  AND TAKE AND DAILY ONE TABLET OF STAPHYSAGARIA 30.",,
SWEET TASTE,TAKE CALCARIA PHOSPHORICA  3X OR 12X.,,
SWELLING-OEDEMA,"CALCARIA FLOURIDE 3X,FERRUM PHOSPHORICUM 12X,KALI MURIATICUM 3X,KALI SULPHURICUM 3X,KALI  PHOSPHORICA 3X,NATRUM MURIATICUM 3X,NATRUM PHOSPHORICUM 3X,NATRUM SULPHURICUM 3X,SILICEA 12X MIX AND TAKE AT THE GAP OF 3-3 HOURS 4 TIMES A DAY.",,
SYNOVITIS," CALCARIA FLOURIDE 3X,CALCARIA PHOSPHORICA  12X,FERRUM PHOSPHORICUM 12X,NATRUM MURIATICUM ,SILICEA 12X MIX  AND TAKE .",,
SYPHILIS,"CALCARIA FLOURIDE 3X,CALCARIA PHOSPHORICA  3X OR 12X,KALI PHOSPHORICUM 3X,KALI MURIATICUM 3X,KALI SULPHURICUM 3X,NATRUM SULPHURICUM 3X,NATRUM MURIATICUM 3X,NATRUM PHOSPHORICUM 3X,SILICEA 12X  MIX AND TAKE. AFTER THAT GIVE HIGH POTENCIES OF THESE TABLETS,IF REMEDY FAILS TRY REMEDY 2.","CALCARIA SULPHURICUM 3X,KALI SULPHURICUM 3X,NATRUM MURIATICUM 3X,NATRUM PHOSPHORICUM 3X,SILICEA 12X,FERRUM PHOSPHORICUM 3X,  MIX AND TAKE. AFTER THAT GIVE HIGH POTENCIES OF THESE TABLETS.",
TASTE BITTER,"CALCARIA FLOURIDE 3X,CALCARIA PHOSPHORICA  3X OR 12X,KALI PHOSPHORICUM 3X,KALI MURIATICUM 3X,MAGNESIA PHOSPHORICA 3X,NATRUM SULPHURICUM 3X,NATRUM MURIATICUM 3X,NATRUM PHOSPHORICUM 3X,SILICEA 12X  MIX AND TAKE,IF REMEDY FAILS TRY REMEDY 2.",TAKE CALCARIA SULPHURICUM 3X.,
TASTE SALTY,TAKE NATRUM MURIATICUM 3X.,,
TEETH CARE OF,FRENCH CHALK,,
TEETH SENSITIVE TO WATER ETC.,"CALCARIA PHOSPHORICA  3X OR 12X,CALCARIA SULPHURICUM 3X,FERRUM PHOSPHORICUM 3X,KALI PHOSPHORICUM 3X,NATRUM MURIATICUM 3X,SILICEA 12X  MIX AND TAKE,IF REMEDY FAILS TRY REMEDY 2.","CALCARIA FLOURIDE 3X,KALI MURIATICUM 3X,MAGNESIA PHOSPHORICA 3X,KALI SULPHURICUM 3X,NATRUM SULPHURICUM 3X,NATRUM PHOSPHORICUM 3X,  MIX AND TAKE.",
TEETHING,CALCARIA PHOSPHORICA  3X.,,
TEETHING IN CHILDREN,CALCAREA PHOSPHORICA 3X CALCARIA FLOURIDE 3X MIX AND TAKE  ,,
THIRST INCREASAD,BRYONIA 6 IF REMEDY FAILS TRY REMEDY 2.,"TAKE CALCARIA PHOSPHORICA  3X OR 12X,CALCARIA SULPHURICUM 3X,FERRUM PHOSPHORICUM 12X,KALI MURIATICUM 3X,KALI SULPHURICUM 3X,FERRUM PHOSPHORICUM 12X",
THROMBOSIS,"KALI MURIATICUM 3X,6X AFTER 2-2 OR 5-5 MINUTES.",,
TOBACCO TO REMOVE CRAVING FOR,"CALCARIA PHOSPHORICA  3X OR 12X,NATRUM MURIATICUM 3X.",,
TONSILITIS,"CALCARIA FLOURIDE 3X,CALCARIA PHOSPHORICA  3X OR 12X,FERRUM PHOSPHORICUM 12X,MAGNESIA PHOSPHORICA 3X,KALI PHOSPHORICUM 3X,KALI MURIATICUM 3X,NATRUM SULPHURICUM 3X,NATRUM MURIATICUM 3X,NATRUM PHOSPHORICUM 3X, MIX AND TAKE.IF REMEDY FAILS TRY REMEDY 2.","CALCARIA SULPHURICUM 3X,KALI SULPHURICUM 3X,SILICEA 12X  MIX AND TAKE.IF REMEDY FAILS TRY REMEDY 3.","CALCARIA SULPHURICUM 3X ORKALI PHOSPHORICUM 3X,NATRUM SULPHURICUM 3X,NATRUM MURIATICUM 3X,SILICEA 12X  MIX AND TAKE."
TOOTHACHE,"CALCARIA FLOURIDE 3X,CALCARIA PHOSPHORICA  3X OR 12X,FERRUM PHOSPHORICUM 12X,MAGNESIA PHOSPHORICA 3X,KALI PHOSPHORICUM 3X,KALI MURIATICUM 3X,KALI SULPHURICUM 3X,NATRUM SULPHURICUM 3X,NATRUM MURIATICUM 3X,SILICEA 12X  MIX AND TAKE.",,
TREMBLING,"CALCARIA PHOSPHORICA  3X OR 12X,KALI PHOSPHORICUM 3X,KALI MURIATICUM 3X,MAGNESIA PHOSPHORICA 3X,NATRUM SULPHURICUM 3X,NATRUM MURIATICUM 3X,NATRUM PHOSPHORICUM 3X,SILICEA 12X  MIX AND TAKE.",,
TUMOR,"CALCARIA FLOURIDE 3X,CALCARIA PHOSPHORICA  3X OR 12X,CALCARIA SULPHURICUM 3X,NATRUM MURIATICUM 3X,NATRUM PHOSPHORICUM 3X,KALI PHOSPHORICUM 3X,KALI MURIATICUM 3X,KALI SULPHURICUM 3X,SILICEA 12X  MIX AND TAKE.",,
TYPHIOD FEVER,,,
URAEMIA,"FERRUM PHOSPHORICUM 12X , KALI MURIATICUM 3X , NATRUM PHOSPHORICUM 3X  MIX AND TAKE ",,
URINE  PAASED DURING SLEEP,"CALCARIA PHOSPHORICA  3X OR 12X,CALCARIA SULPHURICUM 3X,FERRUM PHOSPHORICUM 12X,KALI PHOSPHORICUM 3X,MAGNESIA PHOSPHORICA 3X,NATRUM PHOSPHORICUM 3X,NATRUM SULPHURICUM 3X,SILICEA 12X  MIX AND TAKE.",,
URINE - INABILITY TO RETAIN,"TAKE CALCARIA PHOSPHORICA  3X OR 12X,KALI PHOSPHORICUM 3X,NATRUM PHOSPHORICUM 3X",,
URINE - MILKY WHITE,NATRUM MURIATICUM 3X,,
URINE -FOUL SMELL IN,"CALCARIA FLOURIDE 3X,SILICEA 12X  MIX AND TAKE",,
URINE -URIC ACID IN,"KALI MURIATICUM 3X,SILICEA 12X  MIX AND TAKE.",,
URINE BURNING TO PAINFUL,"CALCARIA FLOURIDE 3X,FERRUM PHOSPHORICUM 12X,NATRUM SULPHURICUM 3X,NATRUM MURIATICUM 3X,KALI MURIATICUM 3X,KALI PHOSPHORICUM 3X,KALI SULPHURICUM 3X,NATRUM PHOSPHORICUM 3X,MAGNESIA PHOSPHORICA 3X MIX AND TAKE.",,
URINE COMES OUT ON COUGHING,"FERRUM PHOSPHORICUM12X,NATRUM MURIATICUM 3X,KALI MURIATICUM 3X",,
URINE INUSCOUS IN,"KALI MURIATICUM 3X,NATRUM SULPHURICUM 3X MIX AND TAKE.",,
URINE MUDDY DEPOSIT IN,"NATRUM MURIATICUM 3X,NATRUM SULPHURICUM 3X,SILICEA 12X  MIX AND TAKE",,
URINE PHOSPHATES IN,TAKE CALCARIA PHOSPHORICA  3X OR 12X,,
URINE PUS IN,NATRUM PHOSPHORICUM 3X,,
URINE STONE IN,"CALCARIA PHOSPHORICA  3X OR 12X,MAGNESIA PHOSPHORICA 3X,NATRUM SULPHURICUM 3X,SILICEA 12X  MIX AND TAKE",,
URINE TO DECREASE,"ONE TABLET OF  ACID PHOSPHORICUM6  AFTER 2-3 HOURS OTHERWISE CALCARIA FLOURIDE 3X,CALCARIA PHOSPHORICA  3X OR 12X,FERRUM PHOSPHORICUM12X,NATRUM SULPHURICUM 3X,NATRUM MURIATICUM 3X  MIX AND TAKE.",,
URINE YELLOW OR GREENISHYELLOW,"KALI PHOSPHORICUM 3X,NATRUM SULPHURICUM 3X MIX AND TAKE.",,
URINE- RED,"FERRUM PHOSPHORICUM12X,NATRUM MURIATICUM 3X,KALI MURIATICUM 3X,KALI PHOSPHORICUM 3X,KALI SULPHURICUM 3X  MIX AND TAKE.",,
URTICARIA,APIS.6 ONE TABLET AT THE GAP OF 3 HOURS.IF REMEDY FAILS TRY REMEDY 2.,"CALCARIA FLOURIDE 3X,CALCARIA PHOSPHORICA  3X OR 12X,CALCARIA SULPHURICUM 3X,NATRUM SULPHURICUM 3X,NATRUM MURIATICUM 3X,KALI MURIATICUM 3X,KALI PHOSPHORICUM 3X,KALI SULPHURICUM 3X,NATRUM PHOSPHORICUM 3X,SILICEA 12X  MIX AND TAKE IF  PROBLEM AGAIN OCCURS THEN TAKE NATRUM SULPHURICUM 3X,NATRUM MURIATICUM 3X,NATRUM PHOSPHORICUM 3X.",
UTERUS REMOVED FROM ITS PLACE,"CALCARIA FLOURIDE 3X,CALCARIA PHOSPHORICA  3X OR 12X,KALI PHOSPHORICUM 3X,NATRUM PHOSPHORICUM 3X  MIX AND TAKE.",,
WEAK EYE SIGHT,KALI PHOSPHORICUM 3X NATRUM MURIATICUM 3X NATRUM SULPHURICUM 3X SILICEA 12X MIX IN WATER  AND TAKE IF REMEDY FAILS TRY REMEDY 2 ,NATRUM MURIATICUM 200X ONE TABLET IN EVENING ONCE IN 2 WEEKS,
WEAK MEMORY,"CALCARIA PHOSPHORICA  3X OR 12X,CALCARIA SULPHURICUM 3X ,KALI  PHOSPHORICA 3X,MAGNESIA PHOSPHORICA 3X,NATRUM MURIATICUM 3X ,SILICEA 12X MIX AND TAKE .",,
WEAKNESS,CALCAREA PHOSPHORICA 3X OR 12X MIX AND TAKE ,,
WORMS IN STOMACH,NATRUM SULPHURICUM 3X REPEAT MANY TIMES A DAY IF REMEDY FAILS TRY REMEDY 2 ,MAGNESIA PHOSPHORICA 3X AND NATRUM SULPHURICUM 3X MIX AND TAKE ,
WORRIS REMOVE BAD AFFECTS,KALI PHOSPHORICUM 3X \nAND  CALCAREA PHOSPHORICA 3X MIX AND TAKE ,,}
